title,content,start_time,priority,created_at
إعلان جديد,هذا هو محتوى الإعلان الجديد,2025-04-20 09:00,عالي,2025-04-19 16:24:15
إعلان جديد,هذا هو محتوى الإعلان الجديد,2025-04-20 09:00,عالي,2025-04-19 16:28:51
إعلان جديد,هذا هو محتوى الإعلان الجديد,2025-04-20 09:00,عالي,2025-04-19 16:32:06
إعلان جديد,هذا هو محتوى الإعلان الجديد,2025-04-20 09:00,عالي,2025-04-19 16:37:29
إعلان جديد,هذا هو محتوى الإعلان الجديد,2025-04-20 09:00,عالي,2025-04-19 16:39:10
إعلان جديد,هذا هو محتوى الإعلان الجديد,2025-04-20 09:00,عالي,2025-04-19 16:46:53
إعلان جديد,هذا هو محتوى الإعلان الجديد,2025-04-20 09:00,عالي,2025-04-19 16:46:55
إعلان جديد,هذا هو محتوى الإعلان الجديد,2025-04-20 09:00,عالي,2025-04-19 16:51:50
إعلان جديد,هذا هو محتوى الإعلان الجديد,2025-04-20 09:00,عالي,2025-04-19 16:57:14
إعلان جديد,هذا هو محتوى الإعلان الجديد,2025-04-20 09:00,عالي,2025-04-19 17:01:36
إعلان جديد,هذا هو محتوى الإعلان الجديد,2025-04-20 09:00,عالي,2025-04-19 17:10:55
إعلان جديد,هذا هو محتوى الإعلان الجديد,2025-04-20 09:00,عالي,2025-04-19 17:14:15
إعلان جديد,هذا هو محتوى الإعلان الجديد,2025-04-20 09:00,عالي,2025-04-19 17:15:33
إعلان جديد,هذا هو محتوى الإعلان الجديد,2025-04-20 09:00,عالي,2025-04-20 11:34:40
إعلان جديد,هذا هو محتوى الإعلان الجديد,2025-04-20 09:00,عالي,2025-04-20 11:34:42
إعلان جديد,هذا هو محتوى الإعلان الجديد,2025-04-20 09:00,عالي,2025-04-20 15:26:39
إعلان جديد,هذا هو محتوى الإعلان الجديد,2025-04-20 09:00,عالي,2025-04-20 15:30:09
إعلان جديد,هذا هو محتوى الإعلان الجديد,2025-04-20 09:00,عالي,2025-04-20 15:30:45
إعلان جديد,هذا هو محتوى الإعلان الجديد,2025-04-20 09:00,عالي,2025-04-20 15:32:28
إعلان جديد,هذا هو محتوى الإعلان الجديد,2025-04-20 09:00,عالي,2025-04-23 07:07:11
إعلان جديد,هذا هو محتوى الإعلان الجديد,2025-04-20 09:00,عالي,2025-04-23 07:07:18
إعلان جديد,هذا هو محتوى الإعلان الجديد,2025-04-20 09:00,عالي,2025-04-23 07:31:50
إعلان جديد,هذا هو محتوى الإعلان الجديد,2025-04-20 09:00,عالي,2025-04-23 07:31:59
إعلان جديد,هذا هو محتوى الإعلان الجديد,2025-04-20 09:00,عالي,2025-04-23 07:32:11
إعلان جديد,هذا هو محتوى الإعلان الجديد,2025-04-20 09:00,عالي,2025-04-23 07:32:25
إعلان جديد,هذا هو محتوى الإعلان الجديد,2025-04-20 09:00,عالي,2025-04-23 07:32:32
إعلان جديد,هذا هو محتوى الإعلان الجديد,2025-04-20 09:00,عالي,2025-04-23 07:32:43
إعلان جديد,هذا هو محتوى الإعلان الجديد,2025-04-20 09:00,عالي,2025-04-23 07:33:13
إعلان جديد,هذا هو محتوى الإعلان الجديد,2025-04-20 09:00,عالي,2025-04-23 07:37:21
إعلان جديد,هذا هو محتوى الإعلان الجديد,2025-04-20 09:00,عالي,2025-04-23 07:37:26
إعلان جديد,هذا هو محتوى الإعلان الجديد,2025-04-20 09:00,عالي,2025-04-23 07:39:42
إعلان جديد,هذا هو محتوى الإعلان الجديد,2025-04-20 09:00,عالي,2025-04-23 07:43:54
إعلان جديد,هذا هو محتوى الإعلان الجديد,2025-04-20 09:00,عالي,2025-04-23 07:45:50
إعلان جديد,هذا هو محتوى الإعلان الجديد,2025-04-20 09:00,عالي,2025-04-23 07:46:52
إعلان جديد,هذا هو محتوى الإعلان الجديد,2025-04-20 09:00,عالي,2025-04-23 07:49:19
إعلان جديد,هذا هو محتوى الإعلان الجديد,2025-04-20 09:00,عالي,2025-04-23 07:49:51
إعلان جديد,هذا هو محتوى الإعلان الجديد,2025-04-20 09:00,عالي,2025-04-23 07:49:57
إعلان جديد,هذا هو محتوى الإعلان الجديد,2025-04-20 09:00,عالي,2025-04-23 07:53:48
إعلان جديد,هذا هو محتوى الإعلان الجديد,2025-04-20 09:00,عالي,2025-04-23 07:54:12
إعلان جديد,هذا هو محتوى الإعلان الجديد,2025-04-20 09:00,عالي,2025-04-23 08:05:02
إعلان جديد,هذا هو محتوى الإعلان الجديد,2025-04-20 09:00,عالي,2025-04-23 08:05:39
إعلان جديد,هذا هو محتوى الإعلان الجديد,2025-04-20 09:00,عالي,2025-04-23 08:05:52
إعلان جديد,هذا هو محتوى الإعلان الجديد,2025-04-20 09:00,عالي,2025-04-23 08:06:16
إعلان جديد,هذا هو محتوى الإعلان الجديد,2025-04-20 09:00,عالي,2025-04-23 08:07:05
إعلان جديد,هذا هو محتوى الإعلان الجديد,2025-04-20 09:00,عالي,2025-04-23 08:07:29
إعلان جديد,هذا هو محتوى الإعلان الجديد,2025-04-20 09:00,عالي,2025-04-23 10:41:57
إعلان جديد,هذا هو محتوى الإعلان الجديد,2025-04-20 09:00,عالي,2025-04-23 10:42:14
إعلان جديد,هذا هو محتوى الإعلان الجديد,2025-04-20 09:00,عالي,2025-04-23 10:59:01
إعلان جديد,هذا هو محتوى الإعلان الجديد,2025-04-20 09:00,عالي,2025-04-23 10:59:28
إعلان جديد,هذا هو محتوى الإعلان الجديد,2025-04-20 09:00,عالي,2025-04-23 10:59:31
إعلان جديد,هذا هو محتوى الإعلان الجديد,2025-04-20 09:00,عالي,2025-04-23 11:05:12
إعلان جديد,هذا هو محتوى الإعلان الجديد,2025-04-20 09:00,عالي,2025-04-23 11:08:13
إعلان جديد,هذا هو محتوى الإعلان الجديد,2025-04-20 09:00,عالي,2025-04-23 11:27:47
إعلان جديد,هذا هو محتوى الإعلان الجديد,2025-04-20 09:00,عالي,2025-04-23 11:27:49
إعلان جديد,هذا هو محتوى الإعلان الجديد,2025-04-20 09:00,عالي,2025-04-23 11:30:46
إعلان جديد,هذا هو محتوى الإعلان الجديد,2025-04-20 09:00,عالي,2025-04-23 11:34:59
إعلان جديد,هذا هو محتوى الإعلان الجديد,2025-04-20 09:00,عالي,2025-04-23 11:42:12
إعلان جديد,هذا هو محتوى الإعلان الجديد,2025-04-20 09:00,عالي,2025-04-23 11:45:48
إعلان جديد,هذا هو محتوى الإعلان الجديد,2025-04-20 09:00,عالي,2025-04-23 11:48:46
إعلان جديد,هذا هو محتوى الإعلان الجديد,2025-04-20 09:00,عالي,2025-04-23 12:20:03
إعلان جديد,هذا هو محتوى الإعلان الجديد,2025-04-20 09:00,عالي,2025-04-23 12:20:12
إعلان جديد,هذا هو محتوى الإعلان الجديد,2025-04-20 09:00,عالي,2025-04-23 12:29:54
إعلان جديد,هذا هو محتوى الإعلان الجديد,2025-04-20 09:00,عالي,2025-04-23 12:47:33
إعلان جديد,هذا هو محتوى الإعلان الجديد,2025-04-20 09:00,عالي,2025-04-23 12:48:04
إعلان جديد,هذا هو محتوى الإعلان الجديد,2025-04-20 09:00,عالي,2025-04-23 12:48:12
إعلان جديد,هذا هو محتوى الإعلان الجديد,2025-04-20 09:00,عالي,2025-04-23 12:48:23
إعلان جديد,هذا هو محتوى الإعلان الجديد,2025-04-20 09:00,عالي,2025-04-23 12:48:29
إعلان جديد,هذا هو محتوى الإعلان الجديد,2025-04-20 09:00,عالي,2025-04-23 12:48:46
إعلان جديد,هذا هو محتوى الإعلان الجديد,2025-04-20 09:00,عالي,2025-04-23 12:48:52
إعلان جديد,هذا هو محتوى الإعلان الجديد,2025-04-20 09:00,عالي,2025-04-23 12:49:39
إعلان جديد,هذا هو محتوى الإعلان الجديد,2025-04-20 09:00,عالي,2025-04-23 12:50:40
إعلان جديد,هذا هو محتوى الإعلان الجديد,2025-04-20 09:00,عالي,2025-04-23 13:00:32
إعلان جديد,هذا هو محتوى الإعلان الجديد,2025-04-20 09:00,عالي,2025-04-23 13:00:44
إعلان جديد,هذا هو محتوى الإعلان الجديد,2025-04-20 09:00,عالي,2025-04-23 13:01:04
إعلان جديد,هذا هو محتوى الإعلان الجديد,2025-04-20 09:00,عالي,2025-04-23 13:08:25
إعلان جديد,هذا هو محتوى الإعلان الجديد,2025-04-20 09:00,عالي,2025-04-23 13:11:22
إعلان جديد,هذا هو محتوى الإعلان الجديد,2025-04-20 09:00,عالي,2025-04-23 13:12:06
إعلان جديد,هذا هو محتوى الإعلان الجديد,2025-04-20 09:00,عالي,2025-04-23 13:12:15
إعلان جديد,هذا هو محتوى الإعلان الجديد,2025-04-20 09:00,عالي,2025-04-23 13:15:11
إعلان جديد,هذا هو محتوى الإعلان الجديد,2025-04-20 09:00,عالي,2025-04-23 13:15:31
إعلان جديد,هذا هو محتوى الإعلان الجديد,2025-04-20 09:00,عالي,2025-04-23 13:15:37
إعلان جديد,هذا هو محتوى الإعلان الجديد,2025-04-20 09:00,عالي,2025-04-23 14:43:31
إعلان جديد,هذا هو محتوى الإعلان الجديد,2025-04-20 09:00,عالي,2025-04-23 14:46:16
إعلان جديد,هذا هو محتوى الإعلان الجديد,2025-04-20 09:00,عالي,2025-04-24 13:15:11
إعلان جديد,هذا هو محتوى الإعلان الجديد,2025-04-20 09:00,عالي,2025-04-24 13:15:13
إعلان جديد,هذا هو محتوى الإعلان الجديد,2025-04-20 09:00,عالي,2025-04-24 13:31:43
إعلان جديد,هذا هو محتوى الإعلان الجديد,2025-04-20 09:00,عالي,2025-04-24 13:33:11
إعلان جديد,هذا هو محتوى الإعلان الجديد,2025-04-20 09:00,عالي,2025-04-24 16:24:26
إعلان جديد,هذا هو محتوى الإعلان الجديد,2025-04-20 09:00,عالي,2025-04-24 16:31:25
إعلان جديد,هذا هو محتوى الإعلان الجديد,2025-04-20 09:00,عالي,2025-04-24 16:31:29
إعلان جديد,هذا هو محتوى الإعلان الجديد,2025-04-20 09:00,عالي,2025-04-24 16:35:29
إعلان جديد,هذا هو محتوى الإعلان الجديد,2025-04-20 09:00,عالي,2025-04-24 16:38:13
إعلان جديد,هذا هو محتوى الإعلان الجديد,2025-04-20 09:00,عالي,2025-04-24 16:41:33
إعلان جديد,هذا هو محتوى الإعلان الجديد,2025-04-20 09:00,عالي,2025-04-24 16:47:14
إعلان جديد,هذا هو محتوى الإعلان الجديد,2025-04-20 09:00,عالي,2025-04-24 17:00:28
إعلان جديد,هذا هو محتوى الإعلان الجديد,2025-04-20 09:00,عالي,2025-04-24 17:01:13
إعلان جديد,هذا هو محتوى الإعلان الجديد,2025-04-20 09:00,عالي,2025-04-24 17:01:19
إعلان جديد,هذا هو محتوى الإعلان الجديد,2025-04-20 09:00,عالي,2025-04-24 17:03:34
إعلان جديد,هذا هو محتوى الإعلان الجديد,2025-04-20 09:00,عالي,2025-04-24 17:03:50
إعلان جديد,هذا هو محتوى الإعلان الجديد,2025-04-20 09:00,عالي,2025-04-24 17:03:59
إعلان جديد,هذا هو محتوى الإعلان الجديد,2025-04-20 09:00,عالي,2025-04-24 17:05:57
إعلان جديد,هذا هو محتوى الإعلان الجديد,2025-04-20 09:00,عالي,2025-04-25 09:50:21
إعلان جديد,هذا هو محتوى الإعلان الجديد,2025-04-20 09:00,عالي,2025-04-25 09:50:24
إعلان جديد,هذا هو محتوى الإعلان الجديد,2025-04-20 09:00,عالي,2025-04-25 10:17:02
إعلان جديد,هذا هو محتوى الإعلان الجديد,2025-04-20 09:00,عالي,2025-04-25 10:17:04
إعلان جديد,هذا هو محتوى الإعلان الجديد,2025-04-20 09:00,عالي,2025-04-25 10:23:24
إعلان جديد,هذا هو محتوى الإعلان الجديد,2025-04-20 09:00,عالي,2025-04-25 10:46:11
إعلان جديد,هذا هو محتوى الإعلان الجديد,2025-04-20 09:00,عالي,2025-04-25 10:49:26
إعلان جديد,هذا هو محتوى الإعلان الجديد,2025-04-20 09:00,عالي,2025-04-25 10:50:06
إعلان جديد,هذا هو محتوى الإعلان الجديد,2025-04-20 09:00,عالي,2025-04-25 10:55:46
إعلان جديد,هذا هو محتوى الإعلان الجديد,2025-04-20 09:00,عالي,2025-04-25 10:55:53
إعلان جديد,هذا هو محتوى الإعلان الجديد,2025-04-20 09:00,عالي,2025-04-25 10:55:57
إعلان جديد,هذا هو محتوى الإعلان الجديد,2025-04-20 09:00,عالي,2025-04-25 10:56:24
إعلان جديد,هذا هو محتوى الإعلان الجديد,2025-04-20 09:00,عالي,2025-04-25 11:00:45
إعلان جديد,هذا هو محتوى الإعلان الجديد,2025-04-20 09:00,عالي,2025-04-25 11:00:49
إعلان جديد,هذا هو محتوى الإعلان الجديد,2025-04-20 09:00,عالي,2025-04-25 11:05:35
إعلان جديد,هذا هو محتوى الإعلان الجديد,2025-04-20 09:00,عالي,2025-04-25 11:16:43
إعلان جديد,هذا هو محتوى الإعلان الجديد,2025-04-20 09:00,عالي,2025-04-25 11:16:45
إعلان جديد,هذا هو محتوى الإعلان الجديد,2025-04-20 09:00,عالي,2025-04-25 11:24:19
إعلان جديد,هذا هو محتوى الإعلان الجديد,2025-04-20 09:00,عالي,2025-04-25 11:27:38
إعلان جديد,هذا هو محتوى الإعلان الجديد,2025-04-20 09:00,عالي,2025-04-25 11:27:45
إعلان جديد,هذا هو محتوى الإعلان الجديد,2025-04-20 09:00,عالي,2025-04-25 11:27:50
إعلان جديد,هذا هو محتوى الإعلان الجديد,2025-04-20 09:00,عالي,2025-04-25 11:32:52
إعلان جديد,هذا هو محتوى الإعلان الجديد,2025-04-20 09:00,عالي,2025-04-25 11:32:57
إعلان جديد,هذا هو محتوى الإعلان الجديد,2025-04-20 09:00,عالي,2025-04-25 11:33:05
إعلان جديد,هذا هو محتوى الإعلان الجديد,2025-04-20 09:00,عالي,2025-04-25 11:34:28
إعلان جديد,هذا هو محتوى الإعلان الجديد,2025-04-20 09:00,عالي,2025-04-25 12:02:39
إعلان جديد,هذا هو محتوى الإعلان الجديد,2025-04-20 09:00,عالي,2025-04-25 12:02:42
إعلان جديد,هذا هو محتوى الإعلان الجديد,2025-04-20 09:00,عالي,2025-04-25 12:09:52
إعلان جديد,هذا هو محتوى الإعلان الجديد,2025-04-20 09:00,عالي,2025-04-25 12:09:55
إعلان جديد,هذا هو محتوى الإعلان الجديد,2025-04-20 09:00,عالي,2025-04-25 12:10:22
إعلان جديد,هذا هو محتوى الإعلان الجديد,2025-04-20 09:00,عالي,2025-04-25 12:10:26
إعلان جديد,هذا هو محتوى الإعلان الجديد,2025-04-20 09:00,عالي,2025-04-25 12:11:08
إعلان جديد,هذا هو محتوى الإعلان الجديد,2025-04-20 09:00,عالي,2025-04-25 12:11:10
إعلان جديد,هذا هو محتوى الإعلان الجديد,2025-04-20 09:00,عالي,2025-04-25 12:11:58
إعلان جديد,هذا هو محتوى الإعلان الجديد,2025-04-20 09:00,عالي,2025-04-25 12:12:00
إعلان جديد,هذا هو محتوى الإعلان الجديد,2025-04-20 09:00,عالي,2025-04-26 11:46:31
إعلان جديد,هذا هو محتوى الإعلان الجديد,2025-04-20 09:00,عالي,2025-04-26 11:46:34
إعلان جديد,هذا هو محتوى الإعلان الجديد,2025-04-20 09:00,عالي,2025-04-26 12:17:34
إعلان جديد,هذا هو محتوى الإعلان الجديد,2025-04-20 09:00,عالي,2025-04-26 12:17:37
إعلان جديد,هذا هو محتوى الإعلان الجديد,2025-04-20 09:00,عالي,2025-04-26 14:21:05
إعلان جديد,هذا هو محتوى الإعلان الجديد,2025-04-20 09:00,عالي,2025-04-26 14:21:09
إعلان جديد,هذا هو محتوى الإعلان الجديد,2025-04-20 09:00,عالي,2025-04-26 14:52:14
إعلان جديد,هذا هو محتوى الإعلان الجديد,2025-04-20 09:00,عالي,2025-04-26 14:52:22
إعلان جديد,هذا هو محتوى الإعلان الجديد,2025-04-20 09:00,عالي,2025-04-26 20:06:50
إعلان جديد,هذا هو محتوى الإعلان الجديد,2025-04-20 09:00,عالي,2025-04-26 20:08:20
إعلان جديد,هذا هو محتوى الإعلان الجديد,2025-04-20 09:00,عالي,2025-04-26 20:08:26
إعلان جديد,هذا هو محتوى الإعلان الجديد,2025-04-20 09:00,عالي,2025-04-27 11:13:51
إعلان جديد,هذا هو محتوى الإعلان الجديد,2025-04-20 09:00,عالي,2025-04-27 11:13:53
إعلان جديد,هذا هو محتوى الإعلان الجديد,2025-04-20 09:00,عالي,2025-04-27 11:16:12
إعلان جديد,هذا هو محتوى الإعلان الجديد,2025-04-20 09:00,عالي,2025-04-27 11:16:22
إعلان جديد,هذا هو محتوى الإعلان الجديد,2025-04-20 09:00,عالي,2025-04-27 11:19:35
إعلان جديد,هذا هو محتوى الإعلان الجديد,2025-04-20 09:00,عالي,2025-04-27 11:19:43
إعلان جديد,هذا هو محتوى الإعلان الجديد,2025-04-20 09:00,عالي,2025-04-27 11:35:31
إعلان جديد,هذا هو محتوى الإعلان الجديد,2025-04-20 09:00,عالي,2025-04-27 11:43:04
إعلان جديد,هذا هو محتوى الإعلان الجديد,2025-04-20 09:00,عالي,2025-04-27 11:44:26
إعلان جديد,هذا هو محتوى الإعلان الجديد,2025-04-20 09:00,عالي,2025-04-27 11:55:02
إعلان جديد,هذا هو محتوى الإعلان الجديد,2025-04-20 09:00,عالي,2025-04-27 11:59:01
إعلان جديد,هذا هو محتوى الإعلان الجديد,2025-04-20 09:00,عالي,2025-04-27 11:59:54
إعلان جديد,هذا هو محتوى الإعلان الجديد,2025-04-20 09:00,عالي,2025-04-27 12:00:00
إعلان جديد,هذا هو محتوى الإعلان الجديد,2025-04-20 09:00,عالي,2025-04-27 12:01:35
إعلان جديد,هذا هو محتوى الإعلان الجديد,2025-04-20 09:00,عالي,2025-04-27 12:02:46
إعلان جديد,هذا هو محتوى الإعلان الجديد,2025-04-20 09:00,عالي,2025-04-27 12:02:49
إعلان جديد,هذا هو محتوى الإعلان الجديد,2025-04-20 09:00,عالي,2025-04-27 12:06:49
إعلان جديد,هذا هو محتوى الإعلان الجديد,2025-04-20 09:00,عالي,2025-04-27 12:11:17
إعلان جديد,هذا هو محتوى الإعلان الجديد,2025-04-20 09:00,عالي,2025-04-27 12:11:21
إعلان جديد,هذا هو محتوى الإعلان الجديد,2025-04-20 09:00,عالي,2025-04-27 12:12:02
إعلان جديد,هذا هو محتوى الإعلان الجديد,2025-04-20 09:00,عالي,2025-04-27 12:18:13
إعلان جديد,هذا هو محتوى الإعلان الجديد,2025-04-20 09:00,عالي,2025-04-27 12:18:15
إعلان جديد,هذا هو محتوى الإعلان الجديد,2025-04-20 09:00,عالي,2025-04-27 12:32:18
إعلان جديد,هذا هو محتوى الإعلان الجديد,2025-04-20 09:00,عالي,2025-04-27 12:44:56
إعلان جديد,هذا هو محتوى الإعلان الجديد,2025-04-20 09:00,عالي,2025-04-27 12:46:31
إعلان جديد,هذا هو محتوى الإعلان الجديد,2025-04-20 09:00,عالي,2025-04-27 12:46:36
إعلان جديد,هذا هو محتوى الإعلان الجديد,2025-04-20 09:00,عالي,2025-04-27 12:46:43
إعلان جديد,هذا هو محتوى الإعلان الجديد,2025-04-20 09:00,عالي,2025-04-27 12:46:48
إعلان جديد,هذا هو محتوى الإعلان الجديد,2025-04-20 09:00,عالي,2025-04-27 12:48:51
إعلان جديد,هذا هو محتوى الإعلان الجديد,2025-04-20 09:00,عالي,2025-04-27 12:49:04
إعلان جديد,هذا هو محتوى الإعلان الجديد,2025-04-20 09:00,عالي,2025-04-27 12:49:17
إعلان جديد,هذا هو محتوى الإعلان الجديد,2025-04-20 09:00,عالي,2025-04-27 12:50:54
إعلان جديد,هذا هو محتوى الإعلان الجديد,2025-04-20 09:00,عالي,2025-04-27 12:50:59
إعلان جديد,هذا هو محتوى الإعلان الجديد,2025-04-20 09:00,عالي,2025-04-27 12:52:34
إعلان جديد,هذا هو محتوى الإعلان الجديد,2025-04-20 09:00,عالي,2025-04-27 12:58:21
إعلان جديد,هذا هو محتوى الإعلان الجديد,2025-04-20 09:00,عالي,2025-04-27 12:58:25
إعلان جديد,هذا هو محتوى الإعلان الجديد,2025-04-20 09:00,عالي,2025-04-27 13:00:02
إعلان جديد,هذا هو محتوى الإعلان الجديد,2025-04-20 09:00,عالي,2025-04-27 13:01:55
إعلان جديد,هذا هو محتوى الإعلان الجديد,2025-04-20 09:00,عالي,2025-04-27 13:02:14
إعلان جديد,هذا هو محتوى الإعلان الجديد,2025-04-20 09:00,عالي,2025-04-27 13:02:28
إعلان جديد,هذا هو محتوى الإعلان الجديد,2025-04-20 09:00,عالي,2025-04-27 13:06:46
إعلان جديد,هذا هو محتوى الإعلان الجديد,2025-04-20 09:00,عالي,2025-04-27 13:07:06
إعلان جديد,هذا هو محتوى الإعلان الجديد,2025-04-20 09:00,عالي,2025-04-27 13:08:19
إعلان جديد,هذا هو محتوى الإعلان الجديد,2025-04-20 09:00,عالي,2025-04-27 13:08:23
إعلان جديد,هذا هو محتوى الإعلان الجديد,2025-04-20 09:00,عالي,2025-04-27 13:09:35
إعلان جديد,هذا هو محتوى الإعلان الجديد,2025-04-20 09:00,عالي,2025-04-27 13:09:38
إعلان جديد,هذا هو محتوى الإعلان الجديد,2025-04-20 09:00,عالي,2025-04-27 13:12:13
إعلان جديد,هذا هو محتوى الإعلان الجديد,2025-04-20 09:00,عالي,2025-04-27 13:12:31
إعلان جديد,هذا هو محتوى الإعلان الجديد,2025-04-20 09:00,عالي,2025-04-27 13:12:37
إعلان جديد,هذا هو محتوى الإعلان الجديد,2025-04-20 09:00,عالي,2025-04-27 13:13:00
إعلان جديد,هذا هو محتوى الإعلان الجديد,2025-04-20 09:00,عالي,2025-04-27 13:19:08
إعلان جديد,هذا هو محتوى الإعلان الجديد,2025-04-20 09:00,عالي,2025-04-27 13:20:57
إعلان جديد,هذا هو محتوى الإعلان الجديد,2025-04-20 09:00,عالي,2025-04-27 13:23:25
إعلان جديد,هذا هو محتوى الإعلان الجديد,2025-04-20 09:00,عالي,2025-04-27 13:24:34
إعلان جديد,هذا هو محتوى الإعلان الجديد,2025-04-20 09:00,عالي,2025-04-27 13:28:39
إعلان جديد,هذا هو محتوى الإعلان الجديد,2025-04-20 09:00,عالي,2025-04-27 13:28:50
إعلان جديد,هذا هو محتوى الإعلان الجديد,2025-04-20 09:00,عالي,2025-04-27 13:28:54
إعلان جديد,هذا هو محتوى الإعلان الجديد,2025-04-20 09:00,عالي,2025-04-27 13:31:45
إعلان جديد,هذا هو محتوى الإعلان الجديد,2025-04-20 09:00,عالي,2025-04-27 13:35:04
إعلان جديد,هذا هو محتوى الإعلان الجديد,2025-04-20 09:00,عالي,2025-04-27 13:35:25
إعلان جديد,هذا هو محتوى الإعلان الجديد,2025-04-20 09:00,عالي,2025-04-27 13:35:33
إعلان جديد,هذا هو محتوى الإعلان الجديد,2025-04-20 09:00,عالي,2025-04-27 13:36:58
إعلان جديد,هذا هو محتوى الإعلان الجديد,2025-04-20 09:00,عالي,2025-04-27 13:39:32
إعلان جديد,هذا هو محتوى الإعلان الجديد,2025-04-20 09:00,عالي,2025-04-27 13:39:35
إعلان جديد,هذا هو محتوى الإعلان الجديد,2025-04-20 09:00,عالي,2025-04-27 13:40:29
إعلان جديد,هذا هو محتوى الإعلان الجديد,2025-04-20 09:00,عالي,2025-04-27 13:40:45
إعلان جديد,هذا هو محتوى الإعلان الجديد,2025-04-20 09:00,عالي,2025-04-27 13:40:59
إعلان جديد,هذا هو محتوى الإعلان الجديد,2025-04-20 09:00,عالي,2025-04-27 13:41:06
إعلان جديد,هذا هو محتوى الإعلان الجديد,2025-04-20 09:00,عالي,2025-04-27 13:44:53
إعلان جديد,هذا هو محتوى الإعلان الجديد,2025-04-20 09:00,عالي,2025-04-27 13:47:49
إعلان جديد,هذا هو محتوى الإعلان الجديد,2025-04-20 09:00,عالي,2025-04-27 13:49:51
إعلان جديد,هذا هو محتوى الإعلان الجديد,2025-04-20 09:00,عالي,2025-04-27 15:14:53
إعلان جديد,هذا هو محتوى الإعلان الجديد,2025-04-20 09:00,عالي,2025-04-27 15:14:56
إعلان جديد,هذا هو محتوى الإعلان الجديد,2025-04-20 09:00,عالي,2025-04-30 16:20:43
إعلان جديد,هذا هو محتوى الإعلان الجديد,2025-04-20 09:00,عالي,2025-04-30 16:21:03
إعلان جديد,هذا هو محتوى الإعلان الجديد,2025-04-20 09:00,عالي,2025-05-01 07:51:40
إعلان جديد,هذا هو محتوى الإعلان الجديد,2025-04-20 09:00,عالي,2025-05-01 07:51:43
إعلان جديد,هذا هو محتوى الإعلان الجديد,2025-04-20 09:00,عالي,2025-05-01 08:01:41
إعلان جديد,هذا هو محتوى الإعلان الجديد,2025-04-20 09:00,عالي,2025-05-01 08:01:45
إعلان جديد,هذا هو محتوى الإعلان الجديد,2025-04-20 09:00,عالي,2025-05-02 09:04:27
إعلان جديد,هذا هو محتوى الإعلان الجديد,2025-04-20 09:00,عالي,2025-05-02 09:04:31
إعلان جديد,هذا هو محتوى الإعلان الجديد,2025-04-20 09:00,عالي,2025-05-03 16:15:50
إعلان جديد,هذا هو محتوى الإعلان الجديد,2025-04-20 09:00,عالي,2025-05-03 16:15:54
إعلان جديد,هذا هو محتوى الإعلان الجديد,2025-04-20 09:00,عالي,2025-05-03 17:47:27
إعلان جديد,هذا هو محتوى الإعلان الجديد,2025-04-20 09:00,عالي,2025-05-03 17:47:34
إعلان جديد,هذا هو محتوى الإعلان الجديد,2025-04-20 09:00,عالي,2025-05-03 17:48:21
إعلان جديد,هذا هو محتوى الإعلان الجديد,2025-04-20 09:00,عالي,2025-05-04 07:34:58
إعلان جديد,هذا هو محتوى الإعلان الجديد,2025-04-20 09:00,عالي,2025-05-04 07:35:04
إعلان جديد,هذا هو محتوى الإعلان الجديد,2025-04-20 09:00,عالي,2025-05-04 07:51:56
إعلان جديد,هذا هو محتوى الإعلان الجديد,2025-04-20 09:00,عالي,2025-05-04 07:51:58
إعلان جديد,هذا هو محتوى الإعلان الجديد,2025-04-20 09:00,عالي,2025-05-04 07:52:15
إعلان جديد,هذا هو محتوى الإعلان الجديد,2025-04-20 09:00,عالي,2025-05-04 07:52:17
إعلان جديد,هذا هو محتوى الإعلان الجديد,2025-04-20 09:00,عالي,2025-05-04 07:52:39
إعلان جديد,هذا هو محتوى الإعلان الجديد,2025-04-20 09:00,عالي,2025-05-04 07:52:43
إعلان جديد,هذا هو محتوى الإعلان الجديد,2025-04-20 09:00,عالي,2025-05-04 07:58:54
إعلان جديد,هذا هو محتوى الإعلان الجديد,2025-04-20 09:00,عالي,2025-05-04 08:03:37
إعلان جديد,هذا هو محتوى الإعلان الجديد,2025-04-20 09:00,عالي,2025-05-04 08:05:09
إعلان جديد,هذا هو محتوى الإعلان الجديد,2025-04-20 09:00,عالي,2025-05-04 08:05:16
إعلان جديد,هذا هو محتوى الإعلان الجديد,2025-04-20 09:00,عالي,2025-05-04 08:13:03
إعلان جديد,هذا هو محتوى الإعلان الجديد,2025-04-20 09:00,عالي,2025-05-04 08:13:35
إعلان جديد,هذا هو محتوى الإعلان الجديد,2025-04-20 09:00,عالي,2025-05-04 08:14:07
إعلان جديد,هذا هو محتوى الإعلان الجديد,2025-04-20 09:00,عالي,2025-05-04 08:48:30
إعلان جديد,هذا هو محتوى الإعلان الجديد,2025-04-20 09:00,عالي,2025-05-04 08:48:32
إعلان جديد,هذا هو محتوى الإعلان الجديد,2025-04-20 09:00,عالي,2025-05-04 08:50:48
إعلان جديد,هذا هو محتوى الإعلان الجديد,2025-04-20 09:00,عالي,2025-05-04 09:43:41
إعلان جديد,هذا هو محتوى الإعلان الجديد,2025-04-20 09:00,عالي,2025-05-04 09:43:44
إعلان جديد,هذا هو محتوى الإعلان الجديد,2025-04-20 09:00,عالي,2025-05-04 09:44:25
إعلان جديد,هذا هو محتوى الإعلان الجديد,2025-04-20 09:00,عالي,2025-05-04 09:44:28
إعلان جديد,هذا هو محتوى الإعلان الجديد,2025-04-20 09:00,عالي,2025-05-04 09:51:30
إعلان جديد,هذا هو محتوى الإعلان الجديد,2025-04-20 09:00,عالي,2025-05-04 09:51:32
إعلان جديد,هذا هو محتوى الإعلان الجديد,2025-04-20 09:00,عالي,2025-05-04 09:52:06
إعلان جديد,هذا هو محتوى الإعلان الجديد,2025-04-20 09:00,عالي,2025-05-04 09:52:14
إعلان جديد,هذا هو محتوى الإعلان الجديد,2025-04-20 09:00,عالي,2025-05-04 09:52:19
إعلان جديد,هذا هو محتوى الإعلان الجديد,2025-04-20 09:00,عالي,2025-05-04 09:53:02
إعلان جديد,هذا هو محتوى الإعلان الجديد,2025-04-20 09:00,عالي,2025-05-04 10:06:11
إعلان جديد,هذا هو محتوى الإعلان الجديد,2025-04-20 09:00,عالي,2025-05-04 10:06:45
إعلان جديد,هذا هو محتوى الإعلان الجديد,2025-04-20 09:00,عالي,2025-05-04 10:19:39
إعلان جديد,هذا هو محتوى الإعلان الجديد,2025-04-20 09:00,عالي,2025-05-04 10:21:52
إعلان جديد,هذا هو محتوى الإعلان الجديد,2025-04-20 09:00,عالي,2025-05-04 10:25:36
إعلان جديد,هذا هو محتوى الإعلان الجديد,2025-04-20 09:00,عالي,2025-05-04 10:27:33
إعلان جديد,هذا هو محتوى الإعلان الجديد,2025-04-20 09:00,عالي,2025-05-04 10:27:35
إعلان جديد,هذا هو محتوى الإعلان الجديد,2025-04-20 09:00,عالي,2025-05-04 10:30:48
إعلان جديد,هذا هو محتوى الإعلان الجديد,2025-04-20 09:00,عالي,2025-05-05 12:28:23
إعلان جديد,هذا هو محتوى الإعلان الجديد,2025-04-20 09:00,عالي,2025-05-05 12:28:26
إعلان جديد,هذا هو محتوى الإعلان الجديد,2025-04-20 09:00,عالي,2025-05-05 12:48:43
إعلان جديد,هذا هو محتوى الإعلان الجديد,2025-04-20 09:00,عالي,2025-05-05 12:48:45
إعلان جديد,هذا هو محتوى الإعلان الجديد,2025-04-20 09:00,عالي,2025-05-05 13:09:08
إعلان جديد,هذا هو محتوى الإعلان الجديد,2025-04-20 09:00,عالي,2025-05-05 13:09:15
إعلان جديد,هذا هو محتوى الإعلان الجديد,2025-04-20 09:00,عالي,2025-05-05 13:09:21
إعلان جديد,هذا هو محتوى الإعلان الجديد,2025-04-20 09:00,عالي,2025-05-05 13:09:37
إعلان جديد,هذا هو محتوى الإعلان الجديد,2025-04-20 09:00,عالي,2025-05-05 13:10:05
إعلان جديد,هذا هو محتوى الإعلان الجديد,2025-04-20 09:00,عالي,2025-05-05 13:11:45
إعلان جديد,هذا هو محتوى الإعلان الجديد,2025-04-20 09:00,عالي,2025-05-05 13:11:50
إعلان جديد,هذا هو محتوى الإعلان الجديد,2025-04-20 09:00,عالي,2025-05-05 13:12:00
إعلان جديد,هذا هو محتوى الإعلان الجديد,2025-04-20 09:00,عالي,2025-05-05 13:15:30
إعلان جديد,هذا هو محتوى الإعلان الجديد,2025-04-20 09:00,عالي,2025-05-05 13:15:34
إعلان جديد,هذا هو محتوى الإعلان الجديد,2025-04-20 09:00,عالي,2025-05-05 13:34:33
إعلان جديد,هذا هو محتوى الإعلان الجديد,2025-04-20 09:00,عالي,2025-05-05 13:34:35
إعلان جديد,هذا هو محتوى الإعلان الجديد,2025-04-20 09:00,عالي,2025-05-05 13:39:15
إعلان جديد,هذا هو محتوى الإعلان الجديد,2025-04-20 09:00,عالي,2025-05-06 11:13:43
إعلان جديد,هذا هو محتوى الإعلان الجديد,2025-04-20 09:00,عالي,2025-05-06 11:13:47
إعلان جديد,هذا هو محتوى الإعلان الجديد,2025-04-20 09:00,عالي,2025-05-06 11:58:33
إعلان جديد,هذا هو محتوى الإعلان الجديد,2025-04-20 09:00,عالي,2025-05-06 12:06:22
إعلان جديد,هذا هو محتوى الإعلان الجديد,2025-04-20 09:00,عالي,2025-05-06 12:15:53
إعلان جديد,هذا هو محتوى الإعلان الجديد,2025-04-20 09:00,عالي,2025-05-06 12:20:55
إعلان جديد,هذا هو محتوى الإعلان الجديد,2025-04-20 09:00,عالي,2025-05-06 13:53:23
إعلان جديد,هذا هو محتوى الإعلان الجديد,2025-04-20 09:00,عالي,2025-05-06 13:53:33
إعلان جديد,هذا هو محتوى الإعلان الجديد,2025-04-20 09:00,عالي,2025-05-06 13:53:50
إعلان جديد,هذا هو محتوى الإعلان الجديد,2025-04-20 09:00,عالي,2025-05-06 13:59:49
إعلان جديد,هذا هو محتوى الإعلان الجديد,2025-04-20 09:00,عالي,2025-05-06 14:00:20
إعلان جديد,هذا هو محتوى الإعلان الجديد,2025-04-20 09:00,عالي,2025-05-06 14:04:34
إعلان جديد,هذا هو محتوى الإعلان الجديد,2025-04-20 09:00,عالي,2025-05-06 14:05:18
إعلان جديد,هذا هو محتوى الإعلان الجديد,2025-04-20 09:00,عالي,2025-05-06 16:06:17
إعلان جديد,هذا هو محتوى الإعلان الجديد,2025-04-20 09:00,عالي,2025-05-06 16:06:20
إعلان جديد,هذا هو محتوى الإعلان الجديد,2025-04-20 09:00,عالي,2025-05-06 17:30:22
إعلان جديد,هذا هو محتوى الإعلان الجديد,2025-04-20 09:00,عالي,2025-05-06 17:30:24
إعلان جديد,هذا هو محتوى الإعلان الجديد,2025-04-20 09:00,عالي,2025-05-06 17:34:02
إعلان جديد,هذا هو محتوى الإعلان الجديد,2025-04-20 09:00,عالي,2025-05-06 17:34:12
إعلان جديد,هذا هو محتوى الإعلان الجديد,2025-04-20 09:00,عالي,2025-05-06 17:35:08
إعلان جديد,هذا هو محتوى الإعلان الجديد,2025-04-20 09:00,عالي,2025-05-06 17:35:10
إعلان جديد,هذا هو محتوى الإعلان الجديد,2025-04-20 09:00,عالي,2025-05-07 11:41:45
إعلان جديد,هذا هو محتوى الإعلان الجديد,2025-04-20 09:00,عالي,2025-05-07 11:42:27
إعلان جديد,هذا هو محتوى الإعلان الجديد,2025-04-20 09:00,عالي,2025-05-07 11:42:55
إعلان جديد,هذا هو محتوى الإعلان الجديد,2025-04-20 09:00,عالي,2025-05-07 11:42:59
إعلان جديد,هذا هو محتوى الإعلان الجديد,2025-04-20 09:00,عالي,2025-05-07 11:49:14
إعلان جديد,هذا هو محتوى الإعلان الجديد,2025-04-20 09:00,عالي,2025-05-07 16:54:43
إعلان جديد,هذا هو محتوى الإعلان الجديد,2025-04-20 09:00,عالي,2025-05-07 16:54:46
إعلان جديد,هذا هو محتوى الإعلان الجديد,2025-04-20 09:00,عالي,2025-05-07 17:26:39
إعلان جديد,هذا هو محتوى الإعلان الجديد,2025-04-20 09:00,عالي,2025-05-07 17:27:23
إعلان جديد,هذا هو محتوى الإعلان الجديد,2025-04-20 09:00,عالي,2025-05-07 17:31:27
إعلان جديد,هذا هو محتوى الإعلان الجديد,2025-04-20 09:00,عالي,2025-05-07 17:31:30
إعلان جديد,هذا هو محتوى الإعلان الجديد,2025-04-20 09:00,عالي,2025-05-07 18:06:25
إعلان جديد,هذا هو محتوى الإعلان الجديد,2025-04-20 09:00,عالي,2025-05-09 20:48:13
إعلان جديد,هذا هو محتوى الإعلان الجديد,2025-04-20 09:00,عالي,2025-05-09 20:48:22
إعلان جديد,هذا هو محتوى الإعلان الجديد,2025-04-20 09:00,عالي,2025-05-11 17:27:57
إعلان جديد,هذا هو محتوى الإعلان الجديد,2025-04-20 09:00,عالي,2025-05-11 17:28:01
إعلان جديد,هذا هو محتوى الإعلان الجديد,2025-04-20 09:00,عالي,2025-05-11 17:39:35
إعلان جديد,هذا هو محتوى الإعلان الجديد,2025-04-20 09:00,عالي,2025-05-11 17:45:24
إعلان جديد,هذا هو محتوى الإعلان الجديد,2025-04-20 09:00,عالي,2025-05-11 17:56:18
إعلان جديد,هذا هو محتوى الإعلان الجديد,2025-04-20 09:00,عالي,2025-05-11 17:56:33
إعلان جديد,هذا هو محتوى الإعلان الجديد,2025-04-20 09:00,عالي,2025-05-11 17:57:32
إعلان جديد,هذا هو محتوى الإعلان الجديد,2025-04-20 09:00,عالي,2025-05-11 17:57:42
إعلان جديد,هذا هو محتوى الإعلان الجديد,2025-04-20 09:00,عالي,2025-05-11 18:05:55
إعلان جديد,هذا هو محتوى الإعلان الجديد,2025-04-20 09:00,عالي,2025-05-11 18:06:25
إعلان جديد,هذا هو محتوى الإعلان الجديد,2025-04-20 09:00,عالي,2025-05-11 18:21:49
إعلان جديد,هذا هو محتوى الإعلان الجديد,2025-04-20 09:00,عالي,2025-05-11 18:21:55
إعلان جديد,هذا هو محتوى الإعلان الجديد,2025-04-20 09:00,عالي,2025-05-11 18:26:17
إعلان جديد,هذا هو محتوى الإعلان الجديد,2025-04-20 09:00,عالي,2025-05-11 18:29:58
إعلان جديد,هذا هو محتوى الإعلان الجديد,2025-04-20 09:00,عالي,2025-05-11 18:30:28
إعلان جديد,هذا هو محتوى الإعلان الجديد,2025-04-20 09:00,عالي,2025-05-11 18:32:22
إعلان جديد,هذا هو محتوى الإعلان الجديد,2025-04-20 09:00,عالي,2025-05-11 18:37:59
إعلان جديد,هذا هو محتوى الإعلان الجديد,2025-04-20 09:00,عالي,2025-05-11 18:38:06
إعلان جديد,هذا هو محتوى الإعلان الجديد,2025-04-20 09:00,عالي,2025-05-11 18:38:43
إعلان جديد,هذا هو محتوى الإعلان الجديد,2025-04-20 09:00,عالي,2025-05-11 18:47:30
إعلان جديد,هذا هو محتوى الإعلان الجديد,2025-04-20 09:00,عالي,2025-05-11 18:48:36
إعلان جديد,هذا هو محتوى الإعلان الجديد,2025-04-20 09:00,عالي,2025-05-11 18:48:40
إعلان جديد,هذا هو محتوى الإعلان الجديد,2025-04-20 09:00,عالي,2025-05-13 16:20:11
إعلان جديد,هذا هو محتوى الإعلان الجديد,2025-04-20 09:00,عالي,2025-05-13 16:20:14
إعلان جديد,هذا هو محتوى الإعلان الجديد,2025-04-20 09:00,عالي,2025-05-13 16:48:42
إعلان جديد,هذا هو محتوى الإعلان الجديد,2025-04-20 09:00,عالي,2025-05-13 16:48:48
إعلان جديد,هذا هو محتوى الإعلان الجديد,2025-04-20 09:00,عالي,2025-05-14 14:34:02
إعلان جديد,هذا هو محتوى الإعلان الجديد,2025-04-20 09:00,عالي,2025-05-14 14:34:03
إعلان جديد,هذا هو محتوى الإعلان الجديد,2025-04-20 09:00,عالي,2025-05-14 14:47:06
إعلان جديد,هذا هو محتوى الإعلان الجديد,2025-04-20 09:00,عالي,2025-05-14 14:47:09
إعلان جديد,هذا هو محتوى الإعلان الجديد,2025-04-20 09:00,عالي,2025-05-14 15:17:28
إعلان جديد,هذا هو محتوى الإعلان الجديد,2025-04-20 09:00,عالي,2025-05-14 15:17:30
إعلان جديد,هذا هو محتوى الإعلان الجديد,2025-04-20 09:00,عالي,2025-05-14 15:40:30
إعلان جديد,هذا هو محتوى الإعلان الجديد,2025-04-20 09:00,عالي,2025-05-14 15:40:32
إعلان جديد,هذا هو محتوى الإعلان الجديد,2025-04-20 09:00,عالي,2025-05-14 15:40:49
إعلان جديد,هذا هو محتوى الإعلان الجديد,2025-04-20 09:00,عالي,2025-05-14 15:40:52
إعلان جديد,هذا هو محتوى الإعلان الجديد,2025-04-20 09:00,عالي,2025-05-15 08:52:17
إعلان جديد,هذا هو محتوى الإعلان الجديد,2025-04-20 09:00,عالي,2025-05-15 08:52:20
إعلان جديد,هذا هو محتوى الإعلان الجديد,2025-04-20 09:00,عالي,2025-05-15 09:16:19
إعلان جديد,هذا هو محتوى الإعلان الجديد,2025-04-20 09:00,عالي,2025-05-15 09:16:21
إعلان جديد,هذا هو محتوى الإعلان الجديد,2025-04-20 09:00,عالي,2025-05-15 09:30:07
إعلان جديد,هذا هو محتوى الإعلان الجديد,2025-04-20 09:00,عالي,2025-05-15 09:30:08
إعلان جديد,هذا هو محتوى الإعلان الجديد,2025-04-20 09:00,عالي,2025-05-15 09:31:02
إعلان جديد,هذا هو محتوى الإعلان الجديد,2025-04-20 09:00,عالي,2025-05-15 09:31:04
إعلان جديد,هذا هو محتوى الإعلان الجديد,2025-04-20 09:00,عالي,2025-05-15 16:12:44
إعلان جديد,هذا هو محتوى الإعلان الجديد,2025-04-20 09:00,عالي,2025-05-15 16:12:46
